timestamp,open,high,low,close,volume
2024-01-01 00:00:00,100.00,101.00,99.00,100.00,5000
2024-01-01 01:00:00,100.00,100.50,99.50,99.80,4800
2024-01-01 02:00:00,99.80,100.20,99.20,99.50,5200
2024-01-01 03:00:00,99.50,100.00,99.00,99.20,5100
2024-01-01 04:00:00,99.20,99.80,98.80,99.00,4900
2024-01-01 05:00:00,99.00,99.50,98.50,98.80,4700
2024-01-01 06:00:00,98.80,99.20,98.20,98.50,5300
2024-01-01 07:00:00,98.50,99.00,98.00,98.20,5400
2024-01-01 08:00:00,98.20,102.00,98.00,101.50,8000
2024-01-01 09:00:00,101.50,103.00,101.00,102.80,7500
2024-01-01 10:00:00,102.80,93.50,100.00,95.20,7200
2024-01-01 11:00:00,104.20,106.00,104.00,105.80,6800